agent,clears_mean,clears_std,bpl_mean,score_mean
random,0.0,0.0,1.6925925925925924,0.0
flat_dqn,2.3555555555555556,0.3624334762288908,4.18888888888889,21.388888888888886
hierarchical,3.4,0.0,20.911111111111115,586.1666666666666
